Title,Developer(s)
3 Ninjas Kick Back,Malibu Interactive
3×3 Eyes Juuma Houkan,System Supply N-Tech
3×3 Eyes Seima Kourin-den,Nova Games
3rd Super Robot Wars,Banpresto
4 Nin Shougi,Planning Office Wada
4th Super Robot Wars,Banpresto
The 7th Saga •ElnardJP,Produce
90 Minutes European Prime Goal •J.League Soccer Prime Goal 3JP,Namco
A-Train III •AIII S.V.: Let's Take the A-Train 3 Super VersionJP,Pack-In-Video
A.S.P. Air Strike Patrol •Desert FighterEU •Desert Fighter: Suna no Arashi SakusenJP,Opus
Aaahh!!! Real Monsters,Realtime Associates
ABC Monday Night Football,Data EastKuusoukagaku
Accele Brid,Tomy
Acme Animation Factory,Probe Entertainment
Acrobat Mission,Micronics
Action Pachio,Coconuts Japan
ActRaiser [a],Quintet
ActRaiser 2 •ActRaiser 2: Chinmoku e no SeisenJP,Quintet
The Addams Family,Ocean Software
The Addams Family: Pugsley's Scavenger Hunt,Ocean Software
Addams Family Values,Ocean Software
The Adventures of Batman & Robin,Konami
The Adventures of Dr. Franken,MotiveTime
The Adventures of Mighty Max,Ocean Software
The Adventures of Rocky and Bullwinkle and Friends,Imagineering
The Adventures of Tintin: Prisoners of the Sun,Infogrames
Adventures of Yogi Bear •Yogi Bear's Cartoon CapersEU •Yogi BearJP,Blue Turtle
Aero Fighters •Sonic WingsJP,Video System
Aero the Acro-Bat,Iguana Entertainment
Aero the Acro-Bat 2,Iguana Entertainment
Aerobiz •Air Management: Oozora ni KakeruJP,Koei
Aerobiz Supersonic •Air Management II: Koukuu Ou wo MezaseJP [a],Koei
Aim for the Ace!,Nippon Telenet
Air Cavalry,Synergistic Software
Akazukin Chacha,Landwarf
Al Unser Jr.'s Road to the Top,Radical Entertainment
Aladdin,Capcom
Albert Odyssey [a],Sunsoft
Albert Odyssey 2,Sunsoft
Alcahest,HAL Laboratory
Alfred Chicken •Super Alfred ChickenNA,Twilight Games
Alice no Paint Adventure,Pop HouseSAS Sakata
Alien 3,Probe Entertainment
Alien vs Predator •Aliens vs PredatorJP,Jorudan
The Amazing Spider-Man: Lethal Foes,Agenda
America Oudan Ultra Quiz,Genki
American Battle Dome,Betop
American Gladiators,Imagitec Design
An American Tail: Fievel Goes West •Amerika Monogatari 2/Faiberu nishi e IkuJP,Shimada Kikaku
Ancient Magic: Bazoo! Mahou Sekai,Hot-B
Andre Agassi Tennis,Radiance Software
Angelique,Ruby Party
Angelique: Premium Box,Ruby Party
Angelique: Voice Fantasy,Ruby Party
Animaniacs,Konami
Another World •Out of This WorldNA •Outer WorldJP,Delphine Software International
Aoki Densetsu Shoot!,Affect
Appleseed: Oracle of Prometheus,Visit
Arabian Nights: Spirit of the Desert King,Pandora Box
Araiguma Rascal,J-Force
Arcade's Greatest Hits: The Atari Collection 1,Digital Eclipse Software
Arcana •Card MasterJP,HAL Laboratory
Archer Maclean's Super Dropzone,Eurocom Entertainment Software
"Arcus Spirits •Arcus OdysseyNA, EU",Wolf Team
Ardy Lightfoot,ASCII Entertainment
Aretha: Aretha the Super Famicom [b],Japan Art Media
Aretha II: Ariel no Fushigi na Tabi [b],Japan Art Media
Arkanoid: Doh It Again [a],Taito
Art of Fighting •Ryuuko no KenJP,Monolith Corporation
Asahi Shinbun Rensai: Katou Ichi-Ni-San Shougi: Shingiryuu,Varie
Asameshimae Nyanko,J-Force
Ashita no Joe,Wave Corp
Asterix,Infogrames
Asterix & Obelix,Infogrames
The Atlas [b],Artdink
Axelay [c] [b],Konami
B.O.B. •Space Funky B.O.B.JP,Gray Matter
Bahamut Lagoon,Square
Bakukyuu Renpatsu!! Super B-Daman,Amble
Bakumatsu Kourinden Oni,Pandora Box
Bakuto Dochers,Genki
Ball Bullet Gun: Survival Game Simulation,Betop
Ballz 3D •3 Jigen Kakuto: BallzJP,PF.Magic
Barbarossa,SystemSoft Alpha
Barbie: Super Model,Software Creations
Barkley Shut Up and Jam! •Barkley's Power DunkJP,Accolade
Bass Masters Classic,Malibu Games
Bass Masters Classic: Pro Edition,Black Pearl Software
Bassin's Black Bass with Hank Parker •Super Black Bass 2JP [b],Starfish
Bastard!!: Ankoku no Hakai-shin,Kazushi HagiwaraShueisha
Batman Forever,Probe Entertainment
Batman Returns,Konami
Battle Blaze,Aicom
Battle Cars,Malibu Interactive
Battle Clash •Space BazookaJP,Intelligent Systems
Battle Commander: Hachibushuu Shura no Heihou,Arc System Works
Battle Cross,A-Max
Battle Dodge Ball,Banpresto
Battle Dodge Ball II,Nova Games
Battle Grand Prix,KID
Battle Jockey,Nova Games
Battle Master: Kyuukyoku no Senshitachi,System Vision
Battle Pinball,Banpresto
Battle Racers,Banpresto
Battle Robot Retsuden,Winkysoft
Battle Soccer: Field no Hasha,Pandora Box
Battle Soccer 2,Pandora Box
Battle Submarine,Office Koukan
Battle Tycoon: Flash Hiders SFX,Right Stuff
Battle Zeque Den,Arsys Software
Battletoads & Double Dragon,Rare
Battletoads in Battlemaniacs,Rare
Bazooka Blitzkrieg •DestructiveJP,Tose
Beauty and the Beast •Bijo to YajuuJP,Probe Entertainment
Beavis and Butt-head,Realtime Associates
Bébé's Kids,Radical Entertainment
Beethoven: The Ultimate Canine Caper •Beethoven's 2ndEU,Riedel Software Productions
Benkei Gaiden: Suna no Shou,Sunsoft
Best of the Best: Championship Karate •Super Kick BoxingJP,Loriciel
Best Shot Pro Golf,KID
Big Ichigeki! Pachi-Slot Daikouryaku,Syscom
Big Ichigeki! Pachi-Slot Daikouryaku 2,Syscom
Big Sky Trooper,LucasArts
Bike Daisuki! Hashiriya Kon: Rider's Spirits,Genki
Biker Mice from Mars,Konami
Bill Laimbeer's Combat Basketball,Hewson Consultants
Bill Walsh College Football,Visual Concepts
Bing Bing! Bingo,Copya Systems
BioMetal,Athena
Bishōjo Janshi Suchie-Pai,DCE
Bishōjo Senshi Sailor Moon: Another Story,Arc System WorksTNS
Bishōjo Senshi Sailor Moon R,Arc System Works
Bishōjo Senshi Sailor Moon S: Jōgai Rantō!? Shuyaku Sōdatsusen,Arc System Works
Bishōjo Senshi Sailor Moon S: Kondo wa Puzzle de Oshioki yo!,Tom Create
Bishōjo Senshi Sailor Moon S: Kurukkurin,Tom Create
Bishōjo Senshi Sailor Moon SuperS: Fuwa Fuwa Panic,Tom Create
Bishōjo Senshi Sailor Moon SuperS: Zenin Sanka! Shuyaku Soudatsusen,Angel
Bishōjo Wrestlinger's History: Beauty Girl Wrestling,Nihon Soft System
Blackthorne •BlackhawkEU,Blizzard Entertainment
BlaZeon: The Bio-Cyborg Challenge,AI
Block Kuzushi,OeRSTED
The Blue Crystal Rod,Game Studio
The Blues Brothers,Titus Software
Bomberman B-Daman [ja],A.I. Company Ltd.
Bonkers,Sun L
Boogerman: A Pick and Flick Adventure,Interplay Entertainment
Bounty Sword,ITL
Boxing Legends of the Ring •Chavez IIMX •Final KnockoutJP,Sculptured Software
Brain Lord,Produce
The Brainies,Titus Software
Bram Stoker's Dracula,PsygnosisTraveller's Tales
Brandish,Koei
Brandish 2: The Planet Buster,Koei
Brandish 2 Expert,Koei
Brawl Brothers [c] •Brawl Brothers: Rival Turf! 2EU •Rushing Beat Ran: Fukusei ToshiJP,Jaleco
BreakThru!,Artech Digital Entertainment
Breath of Fire,Capcom
Breath of Fire II [b],Capcom
Brett Hull Hockey,Radical Entertainment
Brett Hull Hockey '95,Radical Entertainment
Bronkie the Bronchiasaurus,WaveQuest
Brunswick World: Tournament of Champions,Tiertex Design Studios
Brutal: Paws of Fury •Brutal: Animal BurandenJP,Eurocom Entertainment Software
Bubsy in Claws Encounters of the Furred Kind •Yamaneko Bubsy no DaiboukenJP,AccoladeSolid Software
Bubsy II,Accolade
Bugs Bunny Rabbit Rampage •Bakkusu Banī Hachamecha DaibōkenJP,Viacom New Media
Bulls vs. Blazers and the NBA Playoffs •NBA Pro Basketball: Bulls vs BlazersJP,Electronic Arts
Burai: Hachigyoku no Yuushi Densetsu,Pandora Box
Bushi Seiryuuden: Futari no Yuusha,Game Freak
Bust-a-Move •Puzzle Bobble: Bust-a-MoveEU •Puzzle BobbleJP [b],Taito
Cacoma Knight in Bizyland •Cacoma KnightJP,Affect
Cal Ripken Jr. Baseball,Mindscape
California Games II,Silicon Sorcery
Cannon Fodder,Sensible Software
Cannondale Cup,Radical Entertainment
Capcom's MVP Football,Equilibrium
Capcom's Soccer Shootout •Soccer ShootoutEU •J. League Excite Stage '94JP,A-Max
Captain America and The Avengers,Realtime Associates
Captain Commando,Capcom
Captain Novolin,Sculptured Software
Captain Tsubasa 3: Koutei no Chousen,Tecmo
Captain Tsubasa 4: Pro no Rival Tachi,Tecmo
Captain Tsubasa 5: Hasha no Shōgō Campione,Tecmo
Captain Tsubasa J: The Way to World Youth,BEC
Caravan Shooting Collection [b],Hudson Soft
Carrier Aces,Synergistic Software
Casper,Imagineering
Casper (Japanese game),"Natsume Co., Ltd."
Castlevania: Dracula X •Castlevania: Vampire's KissEU •Akumajou Dracula XXJP [b],Konami
CB Chara Wars: Ushinawareta Gag,Almanic
Champions World Class Soccer,Park Place Productions
Championship Pool •Super BilliardJP,Bitmasters
The Chaos Engine •Soldiers of FortuneNA,Bitmap Brothers
Chaos Seed,Neverland
The Chessmaster,The Software Toolworks
Chester Cheetah: Too Cool to Fool,Kaneko
Chester Cheetah: Wild Wild Quest,Kaneko
Chibi Maruko-chan: Harikiri 365-Nichi no Maki,Pop HouseSAS Sakata
Chibi Maruko-chan: Mezase! Minami no Island!!,Konami
Chinhai,Pixel
Chō Aniki: Bakuretsu Rantouden,Bits Laboratory
Chō Mahou Tairiku WOZZ,Red Company
Choplifter III,Beam Software
Chrono Trigger,Square
Chuck Rock,Core Design
Civilization,Microprose
Classic Road,Opera House
Classic Road II,Opera House
ClayFighter,Visual Concepts
ClayFighter: Tournament Edition,Visual Concepts
ClayFighter 2: Judgment Clay,Interplay Entertainment
Claymates,Visual Concepts
Cliffhanger,Malibu Interactive
Clock Tower [b],Human Entertainment
ClockWerx,Axes Art Amuse
Clue,Sculptured Software
College Football USA '97: The Road to New Orleans,High Score Productions
College Slam,Iguana Entertainment
Columns [d],Marigul Management
The Combatribes,Technōs Japan
Computer Nouryoku Kaiseki: Ultra Baken,Culture Brain
Congo's Caper [c] •Tatakae Genshijin 2: Rookie no BoukenJP,Data East
Contra III: The Alien Wars [c] •Super Probotector: Alien RebelsEU •Contra SpiritsJP [b],Konami
Conveni Wars Barcode Battler Senki: Super Senshi Shutsugeki Seyo!,Pop HouseSAS Sakata
Cool Spot,Virgin Interactive Entertainment
Cool World,Painting by Numbers
Coron Land,Aroma
Cosmo Gang the Video [b],Namco
Cosmo Police Galivan II: Arrow of Justice,Cream
Crayon Shin-chan: Arashi wo yobu Enji,Sun L
Crayon Shin-chan 2: Daimaou no Gyakushuu,Sun L
Crystal Beans From Dungeon Explorer,Birthday
Cu-On-Pa [b],T&E Soft
Cutthroat Island,Software Creations (UK)
Cyber Knight,Advance Communication Company
Cyber Knight II: Chikyuu Teikoku no Yabou,Group SNE
Cyber Spin •Shinseiki GPX: Cyber FormulaJP,Takara
Cybernator •Juusou Kihen ValkenJP,Masaya
Cyborg 009,BEC
D-Force •Dimensional ForceJP,Asmik Ace Entertainment
Daffy Duck: The Marvin Missions,ICOM Simulations
Daibakushou Jinsei Gekijou [a],Taito
Daibakushou Jinsei Gekijou: Dokidoki Seishun,Taito
Daibakushou Jinsei Gekijou: Ooedo Nikki,Taito
Daibakushou Jinsei Gekijou: Zukkoke Salary Man Hen [b],Taito
Daikaijuu Monogatari,Birthday
Daikaijuu Monogatari 2,AIM
Daisenryaku Expert,SystemSoft Alpha
Daisenryaku Expert WWII: War in Europe,SystemSoft Alpha
Darius Twin,Taito
Dark Half [ja],West One
Dark Kingdom,Telenet Japan
Dark Law: Meaning of Death,SAS Sakata
Date Kimiko no Virtual Tennis,Jorudan
David Crane's Amazing Tennis,David Crane
Daze Before Christmas,Funcom
Deae Tonosama Appare Ichiban,Sunsoft
Dear Boys,Kan's
The Death and Return of Superman,Blizzard Entertainment
Death Brade,I'Max
Dekitate High School,C-Lab
Demolition Man,Virgin Interactive Entertainment
Demon's Crest •Demon's Blazon Makaimura Monshō-henJP [b],Capcom
Dennis the Menace •DennisEU,Ocean Software
Der Langrisser,NCS
Derby Jockey: Kishu Ou heno Michi,Graphic Research
Derby Jockey 2,Graphic Research
Derby Stallion II,ASCII Entertainment
Derby Stallion III,ASCII Entertainment
Derby Stallion '96,ASCII Entertainment
Derby Stallion '98 [d],ParityBit
Desert Strike: Return to the Gulf,Visual Concepts
Dezaemon: Kaite Tsukutte Asoberu,Athena
Dharma Doujou,Metro
Dig & Spike Volleyball •Volleyball TwinJP,Tose
Dino Dini's Soccer,Eurocom Entertainment Software
DinoCity •Dino Wars: Kyouryuu Oukoku heno DaiboukenJP,Irem
Dirt Racer,MotiveTime
Dirt Trax FX,Sculptured Software
Dokapon 3-2-1: Arashi wo Yobu Yujo,Asmik Ace Entertainment
Dokapon Gaiden: Honoo no Audition [a],Earthly Soft
Dolucky no Kusayakiu •Zoo BallNA,Zoom
Dolucky no Puzzle Tour '94,Zoom
Dolucky's A-League Soccer,Zoom
Donald Duck no Mahou no Boushi,Pop HouseSAS Sakata
"Donkey Kong Country [c] •Super Donkey KongJP, KR",Rare
"Donkey Kong Country 2: Diddy's Kong Quest [c] •Super Donkey Kong 2: Dixie & DiddyJP, KR",Rare
"Donkey Kong Country 3: Dixie Kong's Double Trouble! [c] •Super Donkey Kong 3: Nazo no Krems ShimaJP, KR",Rare
Doom,Sculptured Software
Doom Troopers,Adrenalin Interactive
Doomsday Warrior •Taiketsu!! Brass NumbersJP,Laser Soft
Doraemon: Nobita to Yousei no Kuni,Pop HouseSAS Sakata
Doraemon 2: Nobita no Toys Land Daibouken,Pop HouseSAS Sakata
Doraemon 3: Nobita to Toki no Hougyoku,AIM
Doraemon 4: Nobita to Tsuki no Oukoku,Agenda
DoReMi Fantasy: Milon no Dokidoki Daibouken,Hudson Soft
Dossun! Ganseki Battle,I'Max
Double Dragon V: The Shadow Falls,Leland Interactive Media
Doukyuusei 2 [d],ELF Corporation
Down the World: Mervil's Ambition [b],ASCII Entertainment
Downtown Nekketsu Baseball Monogatari: Baseball de Shoufuda! Kunio-kun,Technōs Japan
Dr. Mario [d] [a],Tose
Dragon: The Bruce Lee Story,Virgin Interactive Entertainment
Dragon Ball Z: Hyper Dimension,Tose
Dragon Ball Z: Super Butōden •Dragon Ball ZFR,Tose
Dragon Ball Z: Super Butōden 2 [c] •Dragon Ball Z 2: la Légende SaienFR,Tose
Dragon Ball Z: Super Butōden 3 [c] •Dragon Ball Z: ChomutujeonKR •Dragon Ball Z: Ultime Menace FR,Tose
Dragon Ball Z: Super Gokuden Totsugeki Hen,Tose
Dragon Ball Z: Super Gokuden Kakusei Hen,Tose
Dragon Ball Z: Super Saiya Densetsu,Tose
Dragon Knight 4,ELF Corporation
Dragon Quest I & II [ja],Chunsoft
Dragon Quest III: Soshite Densetsu e...,Heartbeat
Dragon Quest V: Tenkuu no Hanayome •Dragon Warrior VNA,Chunsoft
Dragon Quest VI: Maboroshi no Daichi,Heartbeat
Dragon Slayer: Eiyuu Densetsu [a] [b],Falcom
Dragon Slayer: Eiyuu Densetsu II [b],Falcom
Dragon View •Super DrakkhenJP,Kemco
Dragon's Earth,Human Entertainment
Dragon's Lair •Dragon's MagicJP,MotiveTime
Drakkhen,Kemco
Dream Basketball: Dunk & Hoop,Human Entertainment
Dream TV,Triffix
Dual Orb,I'Max
Dual Orb II,I'Max
The Duel: Test Drive II,Distinctive Software
Dungeon Master,Software HeavenFTL Games
DunQuest: Majin Fuuin no Densetsu,Technōs Japan
Dynamic Stadium,Electronics Application
Dynamite: The Las Vegas,Micro Factory
E.V.O.: Search for Eden •46 Okunen Monogatari: Harukanaru Eden eJP,Almanic
Earth Defense Force •Super E.D.F.JP [a],Jaleco
Earth Light [ja],Hudson Soft
Earth Light: Luna Strike [ja],Hudson Soft
EarthBound •Mother 2JP,ApeHAL Laboratory
Earthworm Jim,Shiny Entertainment
Earthworm Jim 2,Shiny Entertainment
Edo no Kiba,Riot
Eek! The Cat,CTA Developments
Elfaria,Red Company
Elfaria 2: The Quest of the Meld,Red Company
Emerald Dragon,Alfa System
EMIT Vol. 1,Koei
EMIT Vol. 2,Koei
EMIT Vol. 3,Koei
Emmitt Smith Football,Bitmasters
Energy Breaker,Neverland
Equinox •Solstice IIJP,Software Creations
Esparks: Ijikuu Kara no Raihousha,
ESPN Baseball Tonight,Park Place Productions
ESPN National Hockey Night,Sony Imagesoft
ESPN SpeedWorld,Sony Imagesoft
ESPN Sunday Night NFL,Absolute Entertainment
Eternal Filena,
Extra Innings •Hakunetsu Pro Yakyuu: Ganba LeagueJP,Sting Entertainment
Eye of the Beholder,Capcom
F-1 Grand Prix,Video System
F-1 Grand Prix Part II,Video System
F-1 Grand Prix Part III,Video System
F-Zero [c] [a],Nintendo EAD
F1 Pole Position •Human Grand PrixJP,Human Entertainment
F1 Pole Position 2 •Human Grand Prix IIJP,Human Entertainment
"F1 ROC: Race of Champions •Exhaust HeatEU, JP",SETA
F1 ROC II: Race of Champions •Exhaust Heat II: F-1 Driver no KisekiJP,SETA
F1 World Championship Edition,Domark
Faceball 2000,Xanth Software
Famicom Bunko: Hajimari no Mori [d],Pax Softonica
Famicom Tantei Club Part II: Ushiro ni Tatsu Shōjo [d],Nintendo R&D1
Family Dog,Imagineering
Family Feud,Imagineering
Farland Story: Yottsu no Fuuin,Technical Group Laboratory
Farland Story 2: Dance of Destruction,Technical Group Laboratory
Fatal Fury •Garou Densetsu Shukumei no TatakaiJP,"Nova Co., Ltd"
Fatal Fury 2 •Garou Densetsu 2 Aratanaru TatakaiJP,"Nova Co., Ltd"
Fatal Fury Special •Garou Densetsu SpecialJP,Takara
Feda: The Emblem of Justice [b],Max Entertainment
Fever Pitch Soccer •Head-On SoccerNA,U.S. Gold
FIFA International Soccer,Extended Play Productions
FIFA Soccer 96,Extended Play ProductionsProbe Entertainment
FIFA 97: Gold Edition,Electronic Arts
FIFA: Road to World Cup 98,Electronic Arts
Fighter's History [c],Data East
Fighter's History: Mizoguchi Kiki Ippatsu!!,Data East
Final Fantasy IV •Final Fantasy IINA,Square
Final Fantasy IV Easy Type,Square
Final Fantasy V,Square
Final Fantasy VI •Final Fantasy IIINA,Square
Final Fantasy Mystic Quest •Mystic Quest LegendEU •Final Fantasy USA: Mystic QuestJP,Square
Final Fight [c] [b],Capcom
Final Fight 2 [b],Capcom
Final Fight 3 •Final Fight ToughJP,Capcom
Final Fight Guy,Capcom
Final Set Tennis,Human Entertainment
Final Stretch,Genki
Fire Emblem: Mystery of the Emblem,Intelligent Systems
Fire Emblem: Genealogy of the Holy War,Intelligent Systems
Fire Emblem: Thracia 776 [b],Intelligent Systems
Fire Pro Joshi: All Star Dream Slam,
The Firemen [a],Human Entertainment
Firestriker •Holy StrikerJP,Axes Art Amuse
First Queen,
First Samurai,Kemco
Fishing Koushien,A-Wave
Flashback •Flashback: The Quest for IdentityNA,Delphine Software International
The Flintstones,Ocean Software
The Flintstones: The Treasure of Sierra Madrock,TaitoSol Corporation
Flying Hero: Bugyuru no Daibouken,Sting Entertainment
Football Fury •Ultimate FootballJP,American Sammy
Foreman For Real,Software Creations
Fortune Quest: Dice wo Korogase,"Natsume Co., Ltd."
Frank Thomas' Big Hurt Baseball Big Hurt BaseballJP,Iguana Entertainment
Frantic Flea,Haus Teknikka
Frogger,Morning Star Multimedia
From TV Animation Slam Dunk: SD Heat Up!!,Tose
From TV Animation Slam Dunk 2: IH Yosen Kanzenhan!!,Tose
From TV Animation Slam Dunk: Yonkyo Taiketsu!!,Tose
Front Mission,G-Craft
Front Mission Series: Gun Hazard,Omiya Soft
Full Throttle: All-American Racing •Full PowerJP,Gremlin Interactive
Fun 'n Games,Leland Interactive Media
Funaki Masakatsu no Hybrid Wrestler: Tōgi Denshō,
Fune Tarou,
Furuta Atsuya no Simulation Pro Yakyuu 2,Hect
Fushigi no Dungeon 2: Furai no Shiren [b],Chunsoft
G-O-D: Mezame yoto Yobu Koe ga Kikoe,Infinity
Gaia Saver,Arc System Works
Gakkou de atta Kowai Hanashi,Pandora Box
Galaxy Robo,Copya Systems
Galaxy Wars,C-Lab
Gambler Jikochuushinha: Mahjong Kouisen,Bits Laboratory
Gambler Jikochuushinha 2: Dorapon Quest [a],Bits Laboratory
Gambling Hourouki,
Game no Tatsujin,Affect
Game no Tetsujin: The Shanghai,
Gamera: Gyaosu Gekimetsu Sakusen,Axes Art Amuse
Gan Gan Ganchan,Team Mental Care
Ganbare Daiku no Gensan,Irem
Ganbare Goemon 2: Kiteretsu Shougun McGuiness [ja],Konami
Ganbare Goemon 3: Shishi Juurokubee no Karakuri Manjigatame [ja],Konami
Ganbare Goemon Kirakira Dōchū: Boku ga Dancer ni Natta Wake,Konami
Ganso Pachi-Slot Nippon'ichi,
Ganso Pachinko Ou,
Garry Kitchen's Super Battletank: War in the Gulf •Super BattletankEU,Imagineering
Gdleen,Jorudan
Gegege no Kitarou: Fukkatsu! Tenma Daiou •Kitarou's AdventureNA,BEC
Gekitotsu Dangan Jidōsha Kessen: Battle Mobile,System Sacom
Gekitou Burning Pro Wrestling,Ukiyotei
Gemfire •Super Royal BloodJP,Koei
Genghis Khan II: Clan of the Gray Wolf •Super Aoki Ookami to Shiroki Meshika: Genchou HishiJP,Koei
Genjuu Ryodan [d],Crea-Tech
Genocide 2,Bits Studios
George Foreman's KO Boxing,Beam Software
Getsumen no Anubis,Access
Ghost Chaser Densei,Winkysoft
Ghost Sweeper Mikami: Joreishi ha Nice Body,"Natsume Co., Ltd."
Ghoul Patrol,LucasArts
Ginga Eiyuu Densetsu: Senjutsu Simulation,Advance Communication Company
Ginga Sengoku Gun'yūden Rai,Angel
Gintama Oyakata no Jissen Pachinko Hisshouhou,Sammy Corporation
Gionbana,Nichibutsu
Go Go Ackman,Aspect
Go Go Ackman 2,Aspect
Go Go Ackman 3,Aspect
Go! Go! Dodge League,Now ProductionMebio Software
Goal! •Super Goal!EU •Super Cup SoccerJP,Tose
Gods,Bitmap Brothers
Godzilla: Kaijuu Daikessen •Godzilla: Destroy All MonstersNA,Alfa System
Gokinjo Boukentai,ITL
Gokujo Parodius! ～Kako no Eiko o Motomete～ [b],Konami
Gon,Tose
Goof Troop •Goofy to Max: Kaizoku Shima no DaiboukenJP,Capcom
GP-1,Atlus
GP-1: Part II •GP-1 Rapid StreamJP,Atlus
Gradius III [b],Konami
Granhistoria: Genshi Sekaiki,J-Force
The Great Battle II: Last Fighter Twin,
The Great Battle III,Sun L
The Great Battle IV,Sun L
The Great Battle V,Sun L
The Great Battle Gaiden 2: Matsuri da Wasshoi,
The Great Circus Mystery Starring Mickey & Minnie •Mickey to Minnie: Magical Adventure 2JP,Capcom
The Great Waldo Search,Radiance Software
GT Racing,Imagineer
GunForce,Bits Studios
Gunple: Gunman's Proof,Lenar
Gurume Sentai Barayarō,FupacWinds
Habu Meijin no Omoshiro Shougi,Access
Hagane: The Final Conflict •HAGANEJP,Red Company
Haisei Mahjong Ryouga,
Hakunetsu Pro Yakyuu '93: Ganba League,Sting Entertainment
Hakunetsu Pro Yakyuu '94: Ganba League 3,
Hal's Hole in One Golf •Jumbo Ozaki no Hole In OneJP,HAL Laboratory
Hamelin no Violin Tamaki,Daft
HammerLock Wrestling •Tenryuu Genichiro no Pro Wrestling RevolutionJP,Jaleco
Hana no Keiji: Kumo no Kanata ni,Tose
Hanke Hanafuda,
Hanafuda Ou,Electronics Application
"Hanjuku Hero: Aa, Sekaiyo Hanjukunare...!",Square
Hanna Barbera's Turbo Toons,Empire Interactive
Haō Taikei Ryū Knight,Japan Art Media
Hardball III,Accolade
Harley's Humongous Adventure •Kagakusha Harley no Haran BanjouJP,Visual Concepts
Harukanaru Augusta,T&E Soft
Harukanaru Augusta 2: Masters,T&E Soft
Harukanaru Augusta 3: Masters New,T&E Soft
Harvest Moon •Bokujou MonogatariJP [b],Pack-In-Video
Hashire Hebereke,Sunsoft
Hat Trick Hero 2,Neverland
Hatayama Hatch no Pro Yakyuu News! Jitsumei Han,Agenda
Hayashi Kaihou Kudan no Igo Oodou,
Hayazashi Nidan Morita Shogi,Random House
Hayazashi Nidan Morita Shogi 2,Random House
Hebereke no Oishii Puzzle: ha Irimasen ka,
Hebereke's Popoitto •Popoitto HeberekeJP,Sunsoft
Hebereke's Popoon,Sunsoft
Heian Fuuunden,"Natsume Co., Ltd."
Heisei Gunjin Shougi [a],
Heisei Inu Monogatari Bow: Pop'n Smash!!,
Heisei Shin Oni Ga Shima (Part 1),
Heisei Shin Oni Ga Shima (Part 2),
Heiwa Pachinko World,Office Koukan
Heiwa Pachinko World 2,
Heiwa Pachinko World 3,
Heiwa Parlor! Mini 8: Pachinko Jikki Simulation Game,
Hercules no Eikou III [b],Data East
Hercules no Eikou IV [b],Data East
Hero Senki: Project Olympus,Winkysoft
Higashio Osamu Kanshuu Super Pro Yakyuu Stadium,C-Lab
Hiouden: Mamono-tachi tono Chikai,Wolf Team
Hiryuu no Ken S: Hyper Version,Culture Brain
Hissatsu Pachinko Collection,
Hissatsu Pachinko Collection 2,
Hissatsu Pachinko Collection 3,
Hissatsu Pachinko Collection 4,
Hisshou 777 Fighter: Pachi-Slot Ryuuguu Densetsu,Jorudan
Hisshou 777 Fighter II: Pachi-Slot Maruhi Jouhou,Jorudan
Hisshou 777 Fighter III: Kokuryuu Ou no Fukkatsu,Jorudan
Hisshou Pachi-Slot Fun,
Hit the Ice,Taito
Hokuto no Ken 5,Shouei
Hokuto no Ken 6,Shouei
Hokuto no Ken 7,Shouei
Holy Umbrella: Dondera no Mubo,Earthly Soft
Home Alone,Imagineering
Home Alone 2: Lost in New York,Imagineering
Home Improvement: Power Tool Pursuit!,Imagineering
Honkaku Mahjong: Tetsuman,Syscom
Honkaku Mahjong: Tetsuman II,Khaos
Honkaku Shougi: Fuuunji Ryuuou,Aisystem Tokyo
Honkakuha Igo: Gosei,Aisystem Tokyo
Honke Sankyo Fever: Jikkyou Simulation,Vistec
Honke Sankyo Fever: Jikkyou Simulation 2,Vistec
Honke Sankyo Fever: Jikkyou Simulation 3,Vistec
Honoo no Doukyuuji: Dodge Danpei,
Hook,Ukiyotei
Horai Gakuen no Bouken!,Dynamite
Houkago in Beppin Jogakuin,Access
Human Baseball,Human Entertainment
Human Grand Prix III: F1 Triple Battle,Human Entertainment
Human Grand Prix IV: F1 Dream Battle,Human Entertainment
The Humans,Imagitec Design
Hungry Dinosaurs •Harapeko BakkaJP,Magical Company
The Hunt for Red October,Riedel Software Productions
Hurricanes,Probe Entertainment
Hyper Battle Game: Zen Nihon GT Senshuken,C.P. Brain
Hyper Iria,Tam Tam
Hyper V-Ball •Super Volley IIJP [a],Video System
HyperZone,HAL Laboratory
Idea no Hi,Office Koukan
The Ignition Factor •Fire FightingJP,Jaleco
Igo Club,
Ihatovo Monogatari,Hect
Illusion of Gaia •Illusion of TimeEU •Gaia GensoukiJP,Quintet
Illvanian no Shiro,
Imperium •Kidou Soukou DaionJP,Jorudan
Inazuma Serve da!! Super Beach Volley,
Incantation,Titus Software
The Incredible Crash Dummies •The Incredible Crash Dummies: Slick Bouya no DaichousenJP,Gray Matter
The Incredible Hulk,Probe Entertainment
Indiana Jones' Greatest Adventures,Factor 5
Inindo: Way of the Ninja •Super Inindo: Datou NobunagaJP,Koei
Inspector Gadget,AIM
International Sensible Soccer: World Champions,Sensible Software
International Superstar Soccer •Jikkyou World Soccer: Perfect ElevenJP,Konami
International Superstar Soccer Deluxe •Jikkyou World Soccer 2: Fighting ElevenJP [b],Konami
International Tennis Tour,Loriciel
Ippatsu Gyakuten: Keiba Keirin Kyoutei,Electronics Application
Iron Commando: Koutetsu no Senshi •Iron CommandoEU,Arcade Zone
Isozuri: Ritou Hen,
Itadaki Street 2: Neon Sign wa Bara Iro ni,Tomcat System
The Itchy & Scratchy Game,Bits Studios
Itoi Shigesato no Bass Tsuri No. 1,HAL Laboratory
Itou Haka Rokudan no Shougi Doujou,
Izzy's Quest for the Olympic Rings,Alexandria
J.League '96 Dream Stadium,A.I. Company Ltd.
J.League Excite Stage '95,A-Max
J.League Excite Stage '96,A-Max
J.League Soccer Prime Goal,Namco
J.League Soccer Prime Goal 2,
J.League Super Soccer '95 Jikkyou Stadium,A.I. Company Ltd.
"J.R.R. Tolkien's The Lord of the Rings, Vol. I",Interplay Entertainment
Jack Nicklaus Golf,Leland Interactive Media
Jaki Crush,Compile
Jaleco Rally: Big Run: The Supreme 4WD Challenge,
James Bond Jr.,Gray Matter
James Pond 3: Operation Starfish,Millennium Interactive
Jammes,Mighty Craft
Jammit,GTE Interactive Media
Janyuuki Gokuu Randa,
JB The Super Bass,Gaps
Jelly Boy,Probe Entertainment
Jeopardy!,Imagineering
Jeopardy! Deluxe Edition,
Jeopardy! Sports Edition,
The Jetsons: Invasion of the Planet Pirates •Youkai Buster: Ruka no DaiboukenJP,Sting Entertainment
Jikkyou Keiba Simulation: Stable Star,KCEO
Jikkyou Oshaberi Parodius,KCEO
Jikkyou Power Pro Wrestling '96: Max Voltage,Diamond Head
Jikkyou Powerful Pro Yakyuu: Basic Han '98,Diamond Head
Jikkyou Powerful Pro Yakyuu '94,
Jikkyou Powerful Pro Yakyuu '96 Kaimaku Han,Diamond Head
Jikkyou Powerful Pro Yakyuu 2,
Jikkyou Powerful Pro Yakyuu 3,Diamond Head
Jikkyou Powerful Pro Yakyuu 3 '97 Haru,Diamond Head
Jim Lee's WildC.A.T.S: Covert Action Teams,Beam Software
Jim Power: The Lost Dimension in 3-D,Loriciel
Jimmy Connors Pro Tennis Tour,Blue Byte
Jimmy Houston's Bass Tournament U.S.A. •Jissen! Bass Fishing Hisshouhou in USAJP,American Sammy
Jirou Akagawa: Majotachi no Nemuri,Minato Giken
Jissen Kyoutei,Aisystem Tokyo
Jissen Pachi-Slot Hisshouhou,
Jissen Pachi-Slot Hisshouhou! 2,
Jissen Pachi-Slot Hisshouhou! Classic,
Jissen Pachi-Slot Hisshouhou! Twin [a],
Jissen Pachi-Slot Hisshouhou! Twin Vol. 2,Tose
Jissen Pachi-Slot Hisshouhou! Yamasa Densetsu [a],
Jissen Pachinko Hisshouhou! 2,
Jissen! Mahjong Shinan,Syscom
Joe & Mac •Joe & Mac: Caveman NinjaEU •Joe & Mac: Tatakae GenshijinJP,Data East
Joe & Mac 2: Lost in the Tropics •Joe & Mac 3: Lost in the TropicsEU •Tatakae Genshijin 3: Shuyaku wa Yappari Joe & MacJP,Data East
John Madden Football •Pro FootballJP,Park Place Productions
John Madden Football '93 •Pro Football '93JP,EA Canada
JoJo no Kimyou na Bouken,Winkysoft
Joushou Mahjong Tenpai,Game Arts
Judge Dredd,Probe Entertainment
Jumpin' Derby,KID
The Jungle Book,Eurocom Entertainment Software
Jungle no Ouja Tar-chan: Sekai Man'yuu Dai Kakutou no Maki,Kuusoukagaku
Jungle Strike,Gremlin Interactive
Jungle Wars 2: Kodai Mahou Atimos no Nazo,Atelier Double
Jurassic Park,Ocean Software
Jurassic Park 2: The Chaos Continues,Ocean Software
Justice League Task Force,Blizzard Entertainment
Jutei Senki,Tam Tam
JWP Joshi Pro Wrestling: Pure Wrestle Queens,
Ka-Blooey •BombuzalJP,Kemco
Kabuki-chou Reach Mahjong: Toupuusen,Studio Softmov
Kabuki Rocks,Red Company
Kachou Kousaku Shima: Super Business Adventure,Tom Create
Kakinoki Shougi,SAS Sakata
Kamaitachi no Yoru,
Kamen Rider,Sun L
Kamen Rider SD: Shutsugeki!! Rider Machine,
Kat's Run: Zen-Nippon K Car Senshuken,Atlus
Katou Ichi-Ni-San Kudan Shougi Club,Hect
Kawa no Nushi Tsuri 2,
Kawasaki Caribbean Challenge,Park Place Productions
Kawasaki Superbike Challenge,Domark
Keeper,Fupac
Keiba Eight Special,C-Lab
Keiba Eight Special 2,C-Lab
Kachiuma Yosou Soft: Baken Renkinjutsu,
Ken Griffey Jr. Presents Major League Baseball,Software Creations
Ken Griffey Jr.'s Winning Run,Rare
Kendo Rage •Makeruna! MakendouJP,Affect
Kenyuu Densetsu Yaiba,Atelier Double
Kero Kero Keroppi no Bōken Nikki: Nemureru Mori no Keroleen,
Kessen! Dokapon Okukoku IV: Densetsu no Yuusha Tachi [a],
Kevin Keegan's Player Manager •K.H. Rummenigge's Player ManagerGER,Anco
Kick Off •Super Kick OffJP,Anco
Kick Off 3: European Challenge,Anco
Kid Klown in Crazy Chase [a] [b],Kemco
Kidou Butouden G-Gundam,Pandora Box
Kidou Senshi Gundam: Cross Dimension 0079,
Kidou Senshi Gundam F91: Formula Senki 0122,Nova Games
Kidou Senshi V Gundam,Tose
Kidou Senshi Z Gundam: Away to the NewType,
Kidō Keisatsu Patlabor,Interbec
Kikou Keisatsu Metal Jack •Metal Jack: Armored PoliceNA,Atlus
Kikuni Masahiko no Jantoushi Dora Ou,C-Lab
Kikuni Masahiko no Jantoushi Dora Ou 2,
Killer Instinct,Rare
Kindai Mahjong Special,Outback
King Arthur & the Knights of Justice,Manley & Associates
King Arthur's World •Royal ConquestJP,Argonaut Software
The King of Dragons,Capcom
King of the Monsters,Genki
King of the Monsters 2,Now ProductionWinds
The King of Rally,KAZe
Kingyo Chuuihou! Tobidase Game Gakuen,
Kinnikuman: Dirty Challenger,
Kirby no Kirakira Kizzu [b],HAL Laboratory
Kirby Super Star •Kirby's Fun PakEU •Hoshi no Kirby Super DeluxeJP,HAL Laboratory
Kirby's Avalanche •Kirby's Ghost TrapEU •Super Puyo PuyoJP [a],Compile
Kirby's Dream Course •Kirby BowlJP,HAL LaboratoryNintendo EAD
Kirby's Dream Land 3 •Hoshi no Kirby 3JP,HAL Laboratory
Kishin Douji Zenki: Batoru Raiden,CAProduction
Kishin Douji Zenki: Denei Raibu,Now Production
Kishin Douji Zenki: Tenchi Meidou,
Kishin Korinden Oni,Pandora Box
Kiteretsu Daihyakka: Choujikuu Sugoroku,Video System
Knights of the Round,Capcom
Konpeki no Kantai,Access
Kouryaku Casino Bar,Nichibutsu
Kouryuu Densetsu Villgust,Winkysoft
Kouryuu no Mimi,VAP
Koushien 2,Affect
Koushien 3,Magical Company
Koushien 4,Magical Company
Kousoku Shikou: Shougi Ou,Access
Koutetsu no Kishi [b],Dual
Koutetsu no Kishi 2: Sabaku no Rommel Shougun,Dual
Koutetsu no Kishi 3: Gekitotsu Europe Sensen,Dual
Krusty's Super Fun House •Krusty WorldJP,Audiogenic
Kunio no Oden,
Kunio-kun no Dodgeball da yo Zen'in Shūgō!!,Technōs Japan
Kuusou Kagaku Sekai Gulliver Boy,Amble
Kyle Petty's No Fear Racing •Circuit USAJP,Leland Interactive Media
Kyouraku Sanyou Maruhon Parlor! Parlor!,
Kyouraku Sanyou Maruhon Parlor! Parlor! 2,
Kyouraku Sanyou Maruhon Parlor! Parlor! 3,
Kyouraku Sanyou Maruhon Parlor! Parlor! IV CR,
Kyouraku Sanyou Maruhon Parlor! Parlor! 5,
Kyuuyaku Megami Tensei,Opera House
Lady Stalker: Challenge from the Past,Climax Entertainment
Lagoon,Kemco
Lamborghini American Challenge,Titus Software
Laplace no Ma,
Last Action Hero,Bits Studios
The Last Battle,Atelier Double
Last Bible III [b],Multimedia Intelligence Transfer
The Lawnmower Man •Virtual WarsJP,Sales Curve Interactive
Leading Company,Koei
Leading Jockey,
Leading Jockey 2,
Legend,Arcade Zone
The Legend of the Mystical Ninja •Ganbare Goemon: Yukihime Kyuushutsu EmakiJP,Konami
The Legend of Zelda: A Link to the Past [c] •Zelda no Densetsu: Kamigami no TriforceJP [a],Nintendo EAD
Lemmings [a],Psygnosis
Lemmings 2: The Tribes,Psygnosis
Lennus II: Fuuin no Shito [b],Copya Systems
Lester the Unlikely •Odekake Lester: Lelele no LeJP,Visual Concepts
Lethal Enforcers,Konami
Lethal Weapon,Ocean Software
Liberty or Death •Dokuritsu Sensou: Liberty or DeathJP,Koei
Libble Rabble,Namco
Light Fantasy,Advance Communication Company
Light Fantasy II,
The Lion King,Westwood Studios
Little Magic,
Little Master: Nijiiro no Maseki,Tokuma Shoten
Live A Live,Square
Lock On •Super Air DiverEU,Copya Systems
Lode Runner Twin: Justy to Liberty no Daibouken,
Lodoss Tou Senki: Record of Lodoss War,Thinking Rabbit
Logos Panic,Kan's
Looney Tunes B-Ball •Looney Tunes BasketballEU,Sculptured Software
Lord Monarch [a] [b],AIM
The Lost Vikings •Viking no DaimeiwakuJP,Silicon & Synapse
The Lost Vikings 2,Blizzard Entertainment
Love Quest,C-Lab
Lucky Luke,Infogrames
Lufia & the Fortress of Doom •Estpolis DenkiJP [a],Neverland
Lufia II: Rise of the Sinistrals •LufiaEU •Estpolis Denki IIJP,Neverland
Lupin III: Densetsu no Hihō o Oe!,Pop HouseSAS Sakata
Madden NFL '94 •NFL Pro Football '94JP,Visual Concepts
Madden NFL '95,Visual Concepts
Madden NFL '96,Tiburon Entertainment
Madden NFL 97,Tiburon Entertainment
Madden NFL 98,Electronic Arts
Madou Monogatari: Hanamaru Daiyouchienji,Compile
Magic Boy,Blue Turtle
Magic Knight Rayearth,Pandora Box
Magic Sword,Minakuchi Engineering
Magical Drop,Data East
Magical Drop 2 •Magical Drop IINA [b],Data East
The Magical Quest Starring Mickey Mouse •Mickey no Magical AdventureJP,Capcom
Magical Pop'n,Polestar
Magical Taruruuto-kun: Magic Adventure,Tose
Magna Braban: Henreki no Yuusha,Lenar
Mahjong Club,Natsu System
Mahjong Gokuu Tenjiku,Chat Noir
Mahjong Hanjouki,
Mahjong Sengoku Monogatari,Khaos
Mahjong Taikai II,
The Mahjong Touhaiden,Khaos
Mahou Poi Poi Poitto!,Metro
Mahoujin Guru Guru [ja],Tam Tam
Mahoujin Guru Guru 2,Tam Tam
Majin Tensei [b],Atlus
Majin Tensei II: Spiral Nemesis [b],Atlus
Major Title •The Irem Skins GameNA,Irem
Majyūō,Prism Kikaku Ltd.
Maka Maka,Office Koukan
Makeruna! Makendou 2: Kimero Youkai Souri,Success
Manchester United Championship Soccer •Lothar Matthäus Super SoccerGER,Krisalis Software
Marchen Adventure Cotton 100%,Success
Mario & Wario,Game Freak
Mario is Missing!,The Software Toolworks
Mario no Super Picross,ApeJupiter
Mario Paint [a],Nintendo R&D1Intelligent Systems
Mario's Early Years! Fun with Letters,The Software Toolworks
Mario's Early Years! Fun with Numbers,The Software Toolworks
Mario's Early Years! Preschool Fun,The Software Toolworks
Mario's Time Machine,The Software Toolworks
Mark Davis' The Fishing Master •Oomono Black Bass Fishing: Jinzouko HenJP,"Natsume Co., Ltd."
Marko's Magic Football,Domark
Marmalade Boy,Kuusoukagaku
Marvel Super Heroes: War of the Gems,Capcom
Marvelous: Mouhitotsu no Takarajima,Nintendo R&D2
Mary Shelley's Frankenstein,Bits Studios
The Mask,Black Pearl Software
Maten Densetsu: Senritsu no Ooparts,Thinking Rabbit
Math Blaster: Episode 1,Western Technologies
Matsukata Hiroki no Super Trawling,Atelier Double
Matsumura Kunihiro Den: Saikyou no Rekishi o Nurikaero!,Office Koukan
Maui Mallard in Cold Shadow •Donald in Maui MallardEU,Eurocom Entertainment Software
Mazinger Z,Winkysoft
Mecarobot Golf •Serizawa Nobuo no Birdie TryJP,Toho
MechWarrior •BattleTechJP,Beam Software
MechWarrior 3050 •BattleTech 3050JP,Tiburon Entertainment
Mega-Lo-Mania •Mega Lo Mania: Jikū DaisenryakuJP,Sensible Software
Mega Man 7 •Rockman 7: Shukumei no Taiketsu!JP [b],Capcom
Mega Man Soccer •Rockman's SoccerJP,Sun L
Mega Man X [c] •Rockman XJP [b],Capcom
Mega Man X2 •Rockman X2JP,Capcom
Mega Man X3 [c] •Rockman X3JP,Minakuchi Engineering
Mega Man & Bass •Rockman & ForteJP,Capcom
Melfand Stories,Sting Entertainment
Metal Combat: Falcon's Revenge,Nintendo R&D1Intelligent Systems
Metal Marines •MilitiaJP [b],Namco
Metal Max 2 [b],Crea-TechData East
Metal Max Returns,Crea-TechData East
Metal Morph,Origin Systems
Metal Slader Glory: Director's Cut [d],HAL Laboratory
Metal Warriors,LucasArts
Michael Andretti's Indy Car Challenge,Genki
Michael Jordan: Chaos in the Windy City,Electronic Arts
Mickey Mania: The Timeless Adventures of Mickey Mouse,Traveller's Tales
Mickey no Tokyo Disneyland Daibōken,Graphic Research
Mickey to Donald: Magical Adventure 3,Sun L
Mickey's Ultimate Challenge,Designer Software
Micro Machines,Codemasters
Micro Machines 2: Turbo Tournament,Codemasters
Might and Magic II: Gates to Another World •Might and Magic: Book IIJP,New World Computing
Might and Magic III: Isles of Terra,Iguana Entertainment
Mighty Morphin Power Rangers,"Natsume Co., Ltd."
Mighty Morphin Power Rangers: The Movie,"Natsume Co., Ltd."
Mighty Morphin Power Rangers: The Fighting Edition,"Natsume Co., Ltd."
Milandra,Tomcat System
Mini Yonku Let's & Go!!: Power WGP 2,Jupiter
Mini Yonku Shining Scorpion: Let's & Go!!,KID
Miracle Casino Paradise,
Miracle Girls,Now Production
Miracle Piano,The Software Toolworks
Miyaji Shachou no Pachinko Fan: Shouri Sengen 2,
Mizuki Shigeru no Youkai Hyakkiyakou,
MLBPA Baseball •Fighting BaseballJP,Visual Concepts
Mohawk & Headphone Jack,Solid Software
Momotarō Dentetsu Happy [ja],Make
Monopoly,Sculptured Software
Monopoly (Japanese game),ApeCreamSoft
The Monopoly Game 2,ApeTomcat System
Monstania,Bits Laboratory
Monster Maker III: Hikari no Majutsushi,
Monster Maker Kids: Ousama ni Naritai,
Mortal Kombat,Sculptured Software
Mortal Kombat II,Sculptured Software
Mortal Kombat 3,Sculptured Software
Mōryō Senki MADARA 2,Konami
Motteke Oh! Dorobou,
Mountain Bike Rally,Radical Entertainment
Mr. Do!,C-Lab
Mr. Nutz,Ocean Software
Ms. Pac-Man,Digital Eclipse Software
Mujintou Monogatari,Open Sesame
Multi Play Volleyball,Mebio Software
Musya •Gousou Jinrai Densetsu MusyaJP,Jorudan
Mystery Circle,Sammy Corporation
Mystic Ark,Produce
Nage Libre: Seijaku no Suishin,
Nakajima Satoru F-1 Hero '94,
Nakano Koichi Kanshuu: Keirin-Ou,C-Lab
Naki no Ryū: Mahjong Hishō-den,
Namco Open,Tose
Nankoku Shōnen Papuwa-kun,Daft
Naruhodo! The World,
Natsuki Crisis Battle,Tose
Natsume Championship Wrestling •Zen-Nippon Pro Wrestling Dash: Sekai Saikyō TagJP,"Natsume Co., Ltd."
NBA All-Star Challenge,Beam Software
NBA Give 'n Go •NBA Jikkyou Basket: Winning DunkJP,Konami
NBA Hangtime,Funcom
NBA Jam,Iguana Entertainment
NBA Jam Tournament Edition [c],Iguana Entertainment
NBA Live 95,Electronic Arts
NBA Live 96,Electronic Arts
NBA Live 97,Electronic Arts
NBA Live 98,EA SportsTiertex Design Studios
NBA Showdown •NBA Pro Basketball '94: Bulls vs SunsJP,Electronic Arts
NCAA Basketball •World League BasketballEU •Super Dunk ShotJP,Sculptured Software
NCAA Final Four Basketball,Bitmasters
NCAA Football,The Software Toolworks
Nekketsu Tairiku Burning Heroes [ja],J-Force
Neugier: Umi to Kaze no Kodō •The Journey Home: Quest for the ThroneNA,Wolf Team
New Yatterman: Nandai Kandai Yajirobee [a],Tom Create
Newman/Haas IndyCar featuring Nigel Mansell •Nigel Mansell Indy CarJP,Gremlin Interactive
NFL Football,Park Place Productions
NFL Quarterback Club,Iguana Entertainment
NFL Quarterback Club 96,Iguana Entertainment
NHL '94 •NHL Hockey '94EU •NHL Pro Hockey '94JP,Electronic Arts
NHL 95,Visual ConceptsHigh Score Productions
NHL 96,High Score ProductionsTiburon Entertainment
NHL 97,Ceris Software
NHL 98,THQ
NHL Stanley Cup •Super HockeyEU,Sculptured Software
NHLPA Hockey '93,Electronic Arts
Nice de Shot,Magical Company
Nichibutsu Arcade Classics,Syscom
Nichibutsu Arcade Classics 2: Heiankyo Alien,Syscom
Nichibutsu Collection 1,
Nichibutsu Collection 2,
Nickelodeon Guts,Viacom New Media
Nigel Mansell's World Championship Racing •Nigel Mansell's World ChampionshipEU •Nigel Mansell's F-1 ChallengeJP,Gremlin Interactive
Ninja Gaiden Trilogy •Ninja Ryuukenden TomoeJP,Tecmo
Ninja Warriors •Ninja Warriors: The New GenerationEU •The Ninja Warriors AgainJP,"Natsume Co., Ltd."
Nintama Rantarou,
Nintama Rantarou: Ninjutsu Gakuen Puzzle Taikai no Dan,
Nintama Rantarou 2 [a],
Nintama Rantarou 3,
Nintama Rantarou Special [a],
Nishijin Pachinko Monogatari,
Nishijin Pachinko Monogatari 2,Soft Machine
Nishijin Pachinko Monogatari 3,Soft Machine
No Escape,Bits Studios
Nobunaga Kouki,
Nobunaga no Yabou: Haouden,
Nobunaga no Yabou: Tenshouki,
Nobunaga's Ambition •Nobunaga no Yabou: ZenkokubanJP,Koei
Nobunaga's Ambition: Lord of Darkness •Super Nobunaga no Yabou: Bushou Fuu'unrokuJP,Koei
Nomark Baku Haitou: Shijou Saikyou no Jakushi Tatsu,
Nolan Ryan's Baseball •Super StadiumJP,Romstar
Nontan to Issho: Kurukuru Puzzle,Game Freak
Nosferatu,SETA
Numbers Paradise,ISCO
Obitus,Psygnosis
O-Chan no Oekaki Logic,Game Studio
Oda Nobunaga: Haou no Gundan,Tose
Oekaki Logic [d],
Oekaki Logic 2 [d],
Ogre Battle: The March of the Black Queen •Densetsu no Ogre BattleJP [b],Quest Corporation
Olympic Summer Games,Black Pearl SoftwareTiertex Design Studios
Okamoto Ayako to Match Play Golf,C.P. Brain
Olivia's Mystery,
On the Ball •CameltryJP [b],Taito
Ongaku Tsukuuru: Kanadeeru,Success
Onita Atsushi FMW,Marionette
Onizuka Katsuya Super Virtual Boxing,Sting Entertainment
Operation Europe: Path to Victory 1939–1945 •Europa SensenJP,Koei
Operation Logic Bomb •Ikari no YousaiJP [a],Jaleco
Operation Thunderbolt,Aisystem Tokyo
Oraga Land Shusai: Best Farmer Shuukaku-Sai,Graphic Research
Oscar,Flair Software
Ossu!! Karatebu,Culture Brain
Othello World,Dice
Otoboke Ninja Colosseum,Mint
Otogirisou [b],Chunsoft
Out to Lunch •Pierre le Chef is... Out to LunchEU,Mindscape
Outlander,Mindscape
Ōzumō Spirit,
P.T.O.: Pacific Theater of Operations •Teitoku no KetsudanJP,Koei
P.T.O. II: Pacific Theater of Operations •Teitoku no Ketsudan IIJP,Koei
Pac-Attack •Cosmo Gang the PuzzleJP [b],Namco
Pac-In-Time,Kalisto Entertainment
Pac-Man 2: The New Adventures •Hello! Pac-ManJP,Namco
Pachi-Slot Kanzen Kouryaku: Universal Shindai Nyuuka Volume 1,
Pachi-Slot Kenkyuu,
Pachi-Slot Land,I.S.C.
Pachi-Slot Love Story,
Pachi-Slot Monogatari: Paru Kougyou Special,KAZe
Pachi-Slot Monogatari: Universal Special,KAZe
Pachi-Slot Shoubushi,Nihon Bussan
Pachinko Challenger,
Pachinko Fan: Shouri Sengen,
Pachinko Hi Hisshouhou,Jorudan
Pachinko Monogatari: Pachi-Slot mo Aru deyo!!,KAZe
Pachinko Monogatari 2: Nagoya Shachihoko no Teiou,KAZe
Pachinko Renchan Tengoku: Super CR Special,Jorudan
Pachinko Wars,OeRSTED
Pachinko Wars II,OeRSTED
Pachiokun Special,Marioette
Pachiokun Special 2,Marioette
Pachiokun Special 3,Marioette
Packy and Marlon,WaveQuest
The Pagemaster,Probe Entertainment
Paladin's Quest •Lennus: Kodai Kikai no KiokuJP [b],Asmik Ace Entertainment
Panic in Nakayoshi World,Tom Create
Paperboy 2,Eastridge Technology
Parlor! Mini: Pachinko Jikki Simulation Game,
Parlor! Mini 2: Pachinko Jikki Simulation Game,
Parlor! Mini 3: Pachinko Jikki Simulation Game,
Parlor! Mini 4: Pachinko Jikki Simulation Game,
Parlor! Mini 5: Pachinko Jikki Simulation Game,
Parlor! Mini 6: Pachinko Jikki Simulation Game,
Parlor! Mini 7: Pachinko Jikki Simulation Game,
Parodius: Non-Sense Fantasy •Parodiusu Da! Shinwa kara OwaraiJP [b],Konami
The Peace Keepers •Rushing Beat ShuraJP,Jaleco
Pebble Beach no Hatou New: Tournament Edition,T&E Soft
PGA European Tour,Electronic Arts
PGA Tour 96,Electronic Arts
PGA Tour Golf,Polygames
Phalanx •Phalanx: The Enforce Fighter A-144JP [b],Kemco
Phantom 2040,Viacom New Media
Picross NP Vol. 1 [d],Jupiter
Picross NP Vol. 2 [d],Jupiter
Picross NP Vol. 3 [d],Jupiter
Picross NP Vol. 4 [d],Jupiter
Picross NP Vol. 5 [d],Jupiter
Picross NP Vol. 6 [d],Jupiter
Picross NP Vol. 7 [d],Jupiter
Picross NP Vol. 8 [d],Jupiter
Pieces •Jigsaw PartyJP,Prism Kikaku
Pikiinya!,Crea-Tech
Pilotwings,Nintendo EAD
Pinball Dreams •Pinball PinballJP,Spidersoft
Pinball Fantasies,Spidersoft
Pink Goes to Hollywood •Pink PantherJP,Manley & Associates
Pinocchio,Virgin Interactive Entertainment
Pipe Dream,Tose
Pirates of Dark Water,Sunsoft
Pitfall: The Mayan Adventure •Pitfall: Maya no DaiboukenJP,Redline Games
Pit-Fighter,Eastridge Technology
Plok,Software Creations
Pocky & Rocky •KiKi KaiKai: Nazo no Kuro MantleJP [a] [b],"Natsume Co., Ltd."
Pocky & Rocky 2 •KiKi KaiKai: TsukiyozoushiJP,"Natsume Co., Ltd."
Poko-Nyan! Henpokorin Adventure,
Pop'n TwinBee [b],Konami
Pop'n TwinBee: Rainbow Bell Adventures •TwinBee – Rainbow Bell AdventureJP [b],Konami
Popeye: Ijiwaru Majo Sea Hag no Maki,Technōs Japan
Popful Mail,Falcom
Populous,Bullfrog Productions
Populous II: Trials of the Olympian Gods,Bullfrog Productions
Porky Pig's Haunted Holiday,Phoenix Interactive Entertainment
Power Drive,Rage Software
Power Instinct •Gouketsuji IchizokuJP,Atlus
Power Lode Runner [d],Atelier Double
Power Moves •Power AthleteJP,Kaneko
Power of the Hired,NCS
Power Piggs of the Dark Age,Radical Entertainment
Power Rangers Zeo: Battle Racers,"Natsume Co., Ltd."
Power Soukoban,Atelier Double
Powermonger •Powermonger: Mashou no BouryakuJP,Bullfrog Productions
Prehistorik Man •P-ManJP,Titus Software
Primal Rage,Bitmasters
Prince of Persia,Arsys Software
Prince of Persia 2: The Shadow and the Flame,Titus Software
Princess Maker: Legend of Another World,Gainax
Princess Minerva,Atelier Double
Pro Kishi Jinsei Simulation: Shougi no Hanamichi,Access
Pro Mahjong Kiwame,
Pro Mahjong Kiwame II,
Pro Mahjong Kiwame III,
Pro Mahjong Tsuwamono,
Pro Mahjong Tsuwamono: Renka Han,
Pro Quarterback,Leland Interactive Media
Pro Sport Hockey •USA Ice HockeyJP,Tose
Pro Yakyuu Nettou: Puzzle Stadium,
Pro Yakyuu Star,Culture Brain
Psycho Dream •Dream ProbeNA,Riot
Pushover,Red Rat Software
Putty Squad,System 3
Puzzle'n Desu!,Nichibutsu
Q*bert 3,Realtime Associates
Race Drivin',Imagineering
Radical Rex,Laser Beam Entertainment
Raiden Trad •Raiden DensetsuJP,Seibu KaihatsuToei CompanyMicronics
Rampart,Bitmasters
Ranma ½: Akaneko-dan teki Hihou,
Ranma ½: Chougi Rambuhen •Ranma ½ II: Anything Goes Martial ArtsNA,Atelier Double
Ranma ½: Hard Battle •Ranma ½EU •Ranma Nibun-no-Ichi: Bakuretsu RantōhenJP,Atelier Double
Ranma ½: Ougi Jaanken,Atelier Double
Rap Jam: Volume One,64WD Creation
Realm,Titus Software
Redline F-1 Racer •Aguri Suzuki F-1 Super DrivingEU •Suzuki Aguri no F-1 Super DrivingJP,Genki
Rejoice: Aretha Ōkoku no Kanata,Japan Art Media
Relief Pitcher,Eastridge Technology
The Ren & Stimpy Show: Buckeroo$!,Imagineering
The Ren & Stimpy Show: Fire Dogs,Argonaut Software
The Ren & Stimpy Show: Time Warp,Sculptured Software
The Ren & Stimpy Show: Veediots!,Gray Matter
Rendering Ranger: R2 •TargaEU,Rainbow Arts
Res Arcana: Diana Ray: Uranai no Meikyuu,Marionette
Revolution X,Rage Software
Rex Ronan: Experimental Surgeon,Sculptured Software
Riddick Bowe Boxing •ChavezMX,Malibu Interactive
Ring ni Kakero [d],Earthly Soft
Rise of the Phoenix •KouryuukiJP,Koei
Rise of the Robots,MirageT&E Soft
Rival Turf! •Rushing BeatJP,Jaleco
Road Riot 4WD,Equilibrium
Road Runner's Death Valley Rally •Looney Tunes: Road RunnerEU •Road Runner vs. Wile E. CoyoteJP,ICOM Simulations
RoboCop 3,Ocean Software
RoboCop Versus The Terminator,Interplay Entertainment
Robotrek •Slap StickJP,Quintet
Rock n' Roll Racing,Silicon & Synapse
The Rocketeer,NovaLogic
Rocko's Modern Life: Spunky's Dangerous Day,Viacom New Media
Rocky Rodent •Nitropunks: MightheadsJP,Irem
Roger Clemens' MVP Baseball •MVP BaseballJP,Sculptured Software
Rokudenashi Blues: Taiketsu! Tokyo Shitennou,Tose
Romance of the Three Kingdoms II •Super Sangokushi IIJP,Koei
Romance of the Three Kingdoms III: Dragon of Destiny •Sangokushi IIIJP,Koei
Romance of the Three Kingdoms IV: Wall of Fire •Sangokushi IVJP,Koei
Romancing SaGa,Square
Romancing SaGa 2 [c],Square
Romancing SaGa 3,Square
RPM Racing,Silicon & Synapse
R-Type III: The Third Lightning,Tamtex
Rudra no Hihō,Square
Ruin Arm,Tose
Run Saber,Hori Electric
Ryuukihei Dan Danzarubu,Pandora Box
Ryuuko no Ken 2,Monolith Corporation
Saibara Rieko no Mahjong Hourouki,"Natsume Co., Ltd."
Saikousoku Shikou Shougi Mahjong,
Saikyou: Takada Nobuhiko,Dual
Sailor Moon •Bishōjo Senshi Sailor MoonJP,Angel
Sakurai Shouichi no Jankiryuu: Mahjong Hisshouhou,J-Force
Same Game,Hudson Soft
Samurai Shodown •Samurai SpiritsJP,Takara
Sangokushi Eiketsuden,
Sangokushi Seishi: Tenbu Spirits,Wolf Team
Sankyo Fever! Fever!,
Sanrio Shanghai,SAS Sakata
Sanrio World Smash Ball!,ApeTomcat System
Sansara Naga 2,
Saturday Night Slam Masters •Muscle BomberJP,Capcom
Scooby-Doo Mystery,Argonaut Software
SD F-1 Grand Prix,Video System
SD Gundam G Next,Japan Art Media
SD Gundam Gaiden: Knight Gundam Monogatari: Ooinaru Isan,Tose
SD Gundam Gaiden 2: Entaku no Kishi,Tose
SD Gundam GX,BEC
SD Gundam Power Formation Puzzle,Tom Create
SD Gundam X,BEC
SD Hiryuu no Ken,
SD Kidou Senshi Gundam: V Sakusen Shidou,Tose
SD Kidou Senshi Gundam 2,Tose
SD the Great Battle •The Great BattleNA,Banpresto
SeaQuest DSV,Sculptured Software
Secret of Evermore,Square
Secret of Mana •Seiken Densetsu 2JP,Square
Secret of the Stars •AqutallionJP,Tecmo
Seifuku Densetsu: Pretty Fighter,
Seijuu Maden: Beasts & Blades,
Sengoku Denshou •SengokuNA,
Sengoku no Hasha,Bits Laboratory
Sensible Soccer: European Champions •Championship Soccer '94NA,Sensible Software
Sgt. Saunders' Combat!,Play Avenue Chickenhead
Shadowrun,Beam Software
Shanghai: Banri no Choujou [a],Kuusoukagaku
Shanghai II: Dragon's Eye •Super Shanghai: Dragon's EyeJP,Hot-B
Shanghai III,Kuusoukagaku
Shaq Fu,Delphine Software International
Shien's Revenge •Shien: The Blade ChaserJP,Almanic
Shigetaka Kashiwagi's Top Water Bassing,Imagesoft
Shijou Saikyou League Serie A: Ace Striker,
Shijou Saikyou no Quiz Ou Ketteisen Super,ISCO
Shiki Eiyuuden,
Shimono Masaki no Fishing to Bassing,"Natsume Co., Ltd."
Shin Ikkaku Senkin,Jorudan
Shin Kidō Senki Gundam Wing: Endless Duel,
Shin Majan,
Shin Megami Tensei [b],Atlus
Shin Megami Tensei if...,Atlus
Shin Megami Tensei II [b],Atlus
Shin Momotarō Densetsu [ja] [b],
Shin Naki no Ryuu: Mahjong Hishō-den,
Shin Nekketsu Kōha: Kunio-tachi no Banka,Almanic
Shin Nippon Pro Wrestling: Chou Senshi in Tokyo Dome,
Shin Nippon Pro Wrestling '94: Battlefield in Tokyo Dome,
Shin Nippon Pro Wrestling '95: Tokyo Dome Battle 7,
Shin SD Sengokuden: Taishou Gun Retsuden,BEC
Shin Seikoku: La Wares,J-Force
Shin Shougi Club,Natsu System
Shin Togenkyo,
The Shinri Game: Akuma no Kokoroji,
The Shinri Game 2: Magical Trip,
The Shinri Game 3,Ukiyotei
Shinseiki Odysselya,Vic Tokai
Shinseiki Odysselya II,Vic Tokai
Shinzui Taikyoku Igo: Go Sennin,Jorudan
Shiroi Ringu he,Opera House
Shodai Nekketsu Kouha Kunio-kun,Technōs Japan
Shodan Morita Shougi,
Shodankurai Nintei: Shodan Pro Mahjong,Khaos
Shougi: Fuurinkazan,
Shougi Club,Natsu System
Shougi Saikyou,
Shougi Saikyou 2: Jissen Taikyoku Hen,
Shougi Sanmai,
Shounen Ashibe,Nova Games
Shounen Ninja Sasuke,
Shounin yo Taishi wo Idake!!,AIM
Shutokou Battle '94 Keichii Tsuchiya Drift King,Genki
Shutokou Battle 2: Drift King Keichii Tsuchiya & Masaaki Bandoh,Genki
Shuushoku Game,Lenar
Side Pocket,Iguana Entertainment
Silva Saga II: The Legend of Light and Darkness,SETA
SimAnt,Tomcat System
SimCity,Nintendo EADMaxis
SimCity 2000,HAL Laboratory
SimCity Jr.,
SimEarth •SimEarth: The Living PlanetJP,Tomcat System
The Simpsons: Bart's Nightmare •The Simpsons: Bart no Fushigi na Yume no DaiboukenJP,Sculptured Software
Simulation Pro Yakyuu,Hect
Sink or Swim,Zeppelin Games
Sküljagger: Revolt of the Westicans,Realtime Associates
Skyblazer •Karura OuJP,Ukiyotei
Slayers,BEC
Smart Ball •Jerry BoyJP,Game FreakSystem Sacom
Smash Tennis •Super Family TennisJP [b],Namco
The Smurfs,Infogrames
The Smurfs Travel The World,Infogrames
Snoopy Concert,Pax Softonica
Snow White: Happily Ever After,Imagitec Design
Soccer Kid •The Adventures of Kid KleetsNA •Great Soccer KidJP,Krisalis Software
Solid Runner,Sting Entertainment
Song Master,Japan Art Media
Sonic Blast Man [a],I.T.LZuntata
Sonic Blast Man II,TaitoI.T.L
Soreyuke Ebisumaru Karakuri Meiro: Kieta Goemon no Nazo!! [ja] [a],Konami
SOS •SeptentrionJP,Human Entertainment
Sotsugyou Bangai Hen: Nee Mahjong Shiyo!,
Sougou Kakutougi: Astral Bout,A-Wave
Sougou Kakutougi: Astral Bout 2: The Total Fighters,A-Wave
Sougou Kakutougi Rings: Astral Bout 3,A-Wave
Soukou Kihei Votoms: The Battling Road,Genki
Soul & Sword,Pandora Box
Soul Blazer •Soul BladerJP,Quintet
Sound Novel Tsukuuru,Success
Space Ace,Oxford Digital Enterprises
Space Football: One on One •Super LinearballJP,Bits Studios
Space Invaders •Space Invaders: The Original GameJP [a],Taito
"Space Megaforce •Super AlesteEU, JP [a]",Compile
Spanky's Quest •Hansei Zaru: Jirou-kun no DaiboukenJP,"Natsume Co., Ltd."
Spark World,
Sparkster,Konami
Spectre,Synergistic Software
Speed Racer in My Most Dangerous Adventures,Radical Entertainment
Speedy Gonzales: Los Gatos Bandidos,Sunsoft
Spider-Man,Western Technologies
Spider-Man and Venom: Maximum Carnage,Software Creations
Spider-Man and the X-Men in Arcade's Revenge,Software Creations
Spindizzy Worlds,ASCII Entertainment
Spirou,Infogrames
The Sporting News: Power Baseball,Now Production
Sports Illustrated: Championship Football & Baseball •All-American Championship FootballEU,Malibu Games
Spriggan Powered,Micronics
Sprinter Monogatari: Mezase!! Ikkaku Senkin,Video and Audio Project
St. Andrews: Eikou to Rekishi no Old Course,
Star Fox •StarwingPAL,Nintendo EADArgonaut Software
Star Ocean,tri-Ace
Star Trek: Deep Space Nine – Crossroads of Time,Novotrade
Star Trek: Starfleet Academy - Starship Bridge Simulator,Paramount Interactive
Star Trek: The Next Generation – Future's Past •Shin Star Trek: The Next GenerationJP,Spectrum HoloByte
Stardust Suplex,
Stargate,Tantalus Interactive
Stealth,Axes Art Amuse
Steel Talons,Panoramic
Sterling Sharpe: End 2 End,Tose
Stone Protectors,Eurocom Entertainment Software
Street Combat •Ranma ½: Chounai GekitouhenJP,NCSOpusWinds
Street Fighter Alpha 2 •Street Fighter Zero 2JP,Capcom
Street Fighter II: The World Warrior [c],Capcom
Street Fighter II Turbo: Hyper Fighting [b],Capcom
Street Hockey '95,GTE Interactive Media
Street Racer,Vivid Image
Strike Gunner S.T.G. •Super Strike GunnerEU,Athena
Striker •World Soccer '94: Road to GloryNA •Eric Cantona Football ChallengeFR •World SoccerJP,Rage Software
Stunt Race FX •Wild TraxJP,Nintendo EADArgonaut Software
Sugoi Hebereke,OLMSunsoft
Sugoro Quest ++ Dicenics,
Sugoroku Ginga Senki,Bottom Up
Sun Sport Fishing: Keiryuu-Ou,Lenar
Sunset Riders,Konami
Supapoon,Now Production
Supapoon DX,Now Production
Super Adventure Island •Takahashi Meijin no Daibouken JimaJP,Produce
Super Adventure Island II •Takahashi Meijin no Daibouken Jima II JP,Make
Super Air Diver 2,Copya Systems
The Super Aquatic Games Starring the Aquabats •James Pond's Crazy SportsEU,Millennium Interactive
Super Back to the Future II,Invictus[citation needed]
Super Baken Ou '95,
Super Baseball 2020,Monolith Corporation
Super Baseball Simulator 1.000 •Super Ultra BaseballJP,Culture Brain
Super Bases Loaded •Super Professional BaseballJP,Tose
Super Bases Loaded 2 [c] •Super 3D BaseballJP •Korean Pro BaseballKR,Tose
Super Bases Loaded 3: License to Steal •Super Moero!! Pro YakyuuJP,Tose
Super Batter Up •Super FamistaJP,Namco
Super Battleship,World Builders Synergistic
Super Battletank 2,Absolute Entertainment
Super Bikkuriman,Tom Create
Super Birdie Rush,Data East
Super Black Bass,Starfish
Super Black Bass 3,
Super Bomberman: Panic Bomber W,Raizing
Super Bomberman [a],Produce
Super Bomberman 2 [a],Produce
Super Bomberman 3 [b],Hudson Soft
Super Bomberman 4,Produce
Super Bomberman 5,Hudson Soft
Super Bombliss,Tose
Super Bonk •Super B.C. KidEU •Chou GenjinJP,A.I. Company Ltd.
Super Bowling,KID
"Super Buster Bros. [c] •Super PangEU, JP",Capcom
Super Caesars Palace •Super Casino: Caesars PalaceJP,Illusion Softworks
Super Casino 2,OeRSTED
Super Castles,
Super Castlevania IV •Akumajou DraculaJP,Konami
Super Chase H.Q. •Super H.Q. Criminal ChaserJP,Taito
Super Chinese Fighter,
Super Chinese World 2: Uchū Ichi Butō Taikai,
Super Chinese World 3: Chō Jigen Daisakusen,
Super Conflict,Manley & Associates
Super Dany,Cryo Interactive
Super Double Dragon •Return of Double DragonJP,Technōs Japan
Super Double Yakuman,
Super Double Yakuman II,
Super Drift Out,Dragnet
Super Dimension Fortress Macross: Scrambled Valkyrie,Winkysoft
Super Dunk Star,C-Lab
Super F1 Circus,Cream
Super F1 Circus 2,Cream
Super F1 Circus 3,Cream
Super F1 Circus Gaiden,Cream
Super F1 Circus Limited,Cream
Super F1 Hero,Aprinet
Super Famicom Wars [d],Intelligent Systems
Super Family Circuit,Game Studio
Super Family Gelände [d],
Super Famista 2,
Super Famista 3,
Super Famista 4,
Super Famista 5,
Super Final Match Tennis,Human Entertainment
Super Fire Pro Wrestling [a],Human Club
Super Fire Pro Wrestling: Queen's Special,Human Club
Super Fire Pro Wrestling 2,Human Club
Super Fire Pro Wrestling 3 Easy Type,Human Club
Super Fire Pro Wrestling 3 Final Bout,Human Club
Super Fire Pro Wrestling Special,Human Club
Super Fire Pro Wrestling X,Human Club
Super Fire Pro Wrestling X Premium,Human Club
Super Fishing: Big Fight,Geo Factory
Super Formation Soccer 94: World Cup Edition,Human Entertainment
Super Formation Soccer 94: World Cup Final Data,Human Entertainment
Super Formation Soccer 95: della Serie A,Human Entertainment
Super Formation Soccer 96: World Club Edition,Human Entertainment
Super Formation Soccer II,Human Entertainment
Super Genjin 2,A.I. Company Ltd.
Super Ghouls 'n Ghosts [c] •Chou MakaimuraJP [b],Capcom
Super Goal! 2 •Takeda Nobuhiro no Super Cup SoccerJP,Tose
Super Godzilla •Chou-GodzillaJP,Advance Communication Company
Super Gomoku Narabe Renju,Naxat Soft
Super Gomoku Shougi,
Super Gussun Oyoyo,Kan's
Super Gussun Oyoyo 2,Kan's
Super Hanafuda,Use
Super Hanafuda 2,Use
Super High Impact,Iguana Entertainment
Super Honmei: G1 Seiha,
Super Ice Hockey •Super Hockey '94JP,Opera House
Super Igo Go Ou,
Super Indy Champ,Opensystem
Super International Cricket,Beam Software
Super James Pond •Super James Pond IIJP,Millennium Interactive
Super Jangou,
Super Jinsei Game,Takara
Super Jinsei Game 2,Takara
Super Jinsei Game 3,Takara
Super Keiba,
Super Keiba 2,Tomcat System
Super Keirin,Betop
Super Kokou Yakyuu: Ichikyuu Jikkon,
Super Kyousouba: Kaze no Sylphid,
Super Kyotei,
Super Kyotei 2,
Super Kyuukyoku Harikiri Stadium,
Super Kyuukyoku Harikiri Stadium 2,Now Production
Super Loopz,Graffiti
Super Mad Champ,Givro
Super Mahjong,
Super Mahjong 2: Honkaku 4 Nin Uchi!,
Super Mahjong 3: Karakuchi,
Super Mahjong Taikai [a],
Super Mario All-Stars [c] •Super Mario CollectionJP,Nintendo EAD
Super Mario All-Stars + Super Mario World,Nintendo EAD
Super Mario Kart [c],Nintendo EAD
Super Mario RPG: Legend of the Seven Stars [c] •Super Mario RPGJP,Square
Super Mario World [c] •Super Mario World: Super Mario Bros. 4JP,Nintendo EAD
Super Mario World 2: Yoshi's Island [c] •Super Mario: Yossy IslandJP,Nintendo EAD
Super Metroid,Nintendo R&D1Intelligent Systems
Super Momotarō Dentetsu DX [ja],Make
Super Momotarō Dentetsu II [ja],Make
Super Momotarō Dentetsu III [ja],Make
Super Morph,Millennium Interactive
Super Naxat Open: Golf de Shoubu da! Dorabocchan,Kuusoukagaku
Super Nazo Puyo: Ruruu no Ruu [a],Compile
Super Nazo Puyo Tsuu: Ruruu no Tetsuwan Hanjouki [a],Compile
Super Nichibutsu Mahjong,
Super Nichibutsu Mahjong 2: Zenkoku Seiha Hen,
Super Nichibutsu Mahjong 3: Yoshimoto Gekijou Hen,
Super Nichibutsu Mahjong 4: Kiso Kenkyuu Hen,
Super Ninja Boy •Super Chinese WorldJP,Culture Brain
Super Ninja-kun [a] •Maru's QuestEU,
Super Nova •Darius ForceJP [a],TaitoAct Japan
Super Off Road,Software Creations
Super Off Road: The Baja •Super 4WD: The BajaJP,Software Creations
Super Okuman Chouja Game,
Super Oozumou: Nessen Ooichiban,
Super Pachi-Slot Mahjong,Syscom
Super Pachinko,Betop
Super Pachinko Taisen,
Super Pinball: Behind the Mask,KAZe
Super Pinball II: Amazing Odyssey,KAZe
Super Play Action Football,Tose
Super Power League,Now Production
Super Power League 2,Now Production
Super Power League 3,Now Production
Super Power League 4,Now Production
Super Professional Baseball II,Tose
Super Punch-Out!! [b],Nintendo R&D3Locomotive Corporation
Super Putty •Putty MoonJP,System 3
Super Puyo Puyo Tsuu,Compile
Super Puyo Puyo Tsuu Remix [a],Compile
Super R.B.I. Baseball,Gray Matter
Super R-Type,Irem
Super Real Mahjong PIV,Affect
Super Real Mahjong PV: Paradise: All-Star 4 Nin Uchi,SETA
Super Robot Wars EX,Winkysoft
Super Robot Wars Gaiden: Masō Kishin – The Lord of Elemental,Winkysoft
Super Rugby,Tose
Super Sangokushi,Koei
Super Scope 6 •Nintendo Scope 6EU,Nintendo R&D1Intelligent Systems
Super Shougi,
Super Shougi 2,
Super Shougi 3: Kitaihei,Gaibrain
Super Slam Dunk •Magic Johnson no Super Slam DunkJP,Virgin Interactive Entertainment
Super Slap Shot,Ringler Studios
Super Smash TV,Beam Software
Super Soccer [c] •Super Formation SoccerJP [a],Human Entertainment
Super Soccer Champ •Euro Football ChampEU •Hat Trick HeroJP,Taito
Super Solitaire •Trump IslandJP,Beam Software
Super Soukoban [a],Thinking Rabbit
Super Star Wars,LucasArtsSculptured Software
Super Star Wars: The Empire Strikes Back,LucasArtsSculptured Software
Super Star Wars: Return of the Jedi,LucasArtsSculptured Software
Super Street Fighter II: The New Challengers [c],Capcom
Super Strike Eagle •F-15 Super Strike EagleJP,MicroProse
Super SWIV •Firepower 2000NA,Sales Curve Interactive
Super Tekkyuu Fight!,Metro
Super Tennis •Super Tennis World CircuitJP,Tokyo Shoseki
Super Tetris 2 + Bombliss,Tose
Super Tetris 2 + Bombliss: Gentei-ban,Tose
Super Tetris 3,Tose
Super Troll Islands,Millennium Interactive
Super Trump Collection,
Super Trump Collection 2,
Super Tsume Shougi 1000 [a],
Super Turrican,Factor 5
Super Turrican 2,Factor 5
Super Ultra Baseball 2 •Super Baseball Simulator 1.000 2NA,
Super Uno,
Super V.G.,TGL
Super Valis IV •Red Moon Rising MaidenJP,Telenet Japan
Super Wagyan Land,Nova Games
Super Wagyan Land 2,Nova Games
Super Widget,Atlus
Super Wrestle Angels,
Super Yakyuu Michi,Nippon Create
Super Zugan: Hakotenjou Kara no Shoutaijou,
Super Zugan 2: Tsukanpo Fighter,
Sutobasu Yarō Shō: 3 on 3 Basketball,KID
Sutte Hakkun [a],Nintendo
Suzuka 8 Hours,Arc System Works
SWAT Kats: The Radical Squadron,AIM
Sword World SFC,
Sword World SFC 2,
Syndicate,Bullfrog Productions
Syvalion •SaibarionJP,Taito
Table Game Daishuugou! Shougi Mahjong Hanafuda [a],
Tactical Soccer,Electronic Arts Victor
Tactics Ogre: Let Us Cling Together [b],Quest Corporation
Tadaima Yuusha Boshuuchuu Okawari,Human Entertainment
Taekwon-Do [c],Human Club
Taikou Rishinden,
Taikyoku Igo: Goliath,
Taikyoku Igo: Idaten,
Take Yutaka G1 Memory,Gaps
Takeda Nobuhiro no Super League Soccer,Tose
Takemiya Masaki Kudan no Igo Taishou,
Tales of Phantasia,Wolf Team
Tamagotchi Town [d],Marigul Management
Tarot Mystery,Ukiyotei
Taz-Mania,Visual Concepts
Tecmo Super Baseball,Tecmo
Tecmo Super Bowl,Tecmo
Tecmo Super Bowl II: Special Edition,Tecmo
Tecmo Super Bowl III: Final Edition,Tecmo
Tecmo Super NBA Basketball,Tecmo
Teenage Mutant Ninja Turtles IV: Turtles in Time [c] •Teenage Mutant Hero Turtles IV: Turtles in TimeEU •Teenage Mutant Ninja Turtles: Turtles in TimeJP,Konami
Teenage Mutant Ninja Turtles: Tournament Fighters •Teenage Mutant Hero Turtles: Tournament FightersEU •Teenage Mutant Ninja Turtles: Mutant WarriorsJP,Konami
Tekichuu Keiba Juku,
Tenchi Muyou! Game Hen,Banpresto
Tenchi o Kurau: Sangokushi Gunyuuden,
Tengai Makyou Zero,Red Company
Tenshi no Uta: Shiroki Tsubasa no Inori,
The Terminator,Gray Matter
T2: The Arcade Game,Probe Entertainment
Terminator 2: Judgment Day,Bits Studios
Terranigma •Tenchi SouzouJP,Quintet
Tetris & Dr. Mario [c],Tose
Tetris 2 •Tetris FlashJP,Bullet-Proof Software
Tetris Attack [a] •Panel de PonJP,Intelligent Systems
Tetris Battle Gaiden,Bullet-Proof Software
Tetsuwan Atom,Minato Giken
Theme Park,Bullfrog Productions
Thomas the Tank Engine & Friends,Software Creations
Thoroughbred Breeder,Hect
Thoroughbred Breeder II,Hect
Thoroughbred Breeder III,Hect
Thunder Spirits,Technosoft
Thunderbirds: Kokusai Kyuujotai Juudou Seyo!,Nova Games
The Tick,Software Creations
Time Slip,Sales Curve Interactive
Time Trax,Malibu Interactive
Timecop,Cryo Interactive
Timon & Pumbaa's Jungle Games,Tiertex Design Studios
Tin Star,Software Creations
Tintin in Tibet,Infogrames
Tiny Toon Adventures: Buster Busts Loose! [c],Konami
Tiny Toon Adventures: Wacky Sports Challenge •Tiny Toon Adventures: Wild & Wacky SportsEU •Tiny Toon Adventures: Dotabata DaiundoukaiJP,Konami
TKO Super Championship Boxing •Kentou-Ou World ChampionJP,Sting Entertainment
TNN Bass Tournament of Champions •Larry Nixon's Super Bass FishingJP,American Softworks
Todd McFarlane's Spawn: The Video Game,Ukiyotei
Tokimeki Memorial: Densetsu no Ki no Shita de,Konami
Tokoro's Mahjong,Syscom
Tom and Jerry,Riedel Software Productions
Tommy Moe's Winter Extreme: Skiing & Snowboarding •Val d'Isere ChampionshipEU •Ski Paradise with SnowboardJP,Loriciel
Tony Meola's Sidekicks Soccer •Super CopaBR •World SoccerEU •Ramos' World Wide SoccerJP,Sculptured Software
Top Gear •Top RacerJP,Gremlin Interactive
Top Gear 2 •Top Racer 2JP,Gremlin Interactive
Top Gear 3000 •The Planet's Champ TG3000JP,Gremlin Interactive
Top Management II,
Toride,Metro
Torneko no Daibōken: Fushigi no Dungeon,Chunsoft
Total Carnage,Black Pearl Software
Tottemo! Luckyman: Lucky Cookie Roulette Assault!!,
Touge Densetsu: Saisoku Battle,Lenar
Tower Dream,C-Lab
Toy Story,Traveller's Tales
Toys,Imagineering
Traverse: Starlight & Prairie,Pandora Box
Treasure Hunter G,Sting Entertainment
"Trials of Mana [c] •Seiken Densetsu 3JP, KR",Square
Trinea,Japan Art Media
Troddlers,Atod
Troy Aikman NFL Football,Leland Interactive Media
True Golf Classics: Wicked 18 •Devil's CourseJP [b],T&E Soft
True Golf Classics: Pebble Beach Golf Links •Pebble Beach no HatouJP,T&E Soft
True Golf Classics: Waialae Country Club •New 3D Golf Simulation: Waialae no KisekiJP [a] [b],T&E Soft
True Lies,Beam Software
Tsukikomori [b],Pandora Box
Tsuppari Ōzumō: Risshin Shusse Hen,Tecmo
Tsuri Tarou [a],
Tsuyoshi Shikkari Shinasai: Taisen Puzzle-dama,
Tuff E Nuff •Dead DanceJP,Jaleco
Turf Hero,
Turf Memories,
Turn and Burn: No-Fly Zone •Super DogfightJP,Absolute Entertainment
The Twisted Tales of Spike McFang •Chou Makai Taisen!: DorabocchanJP,Red Company
U.N. Squadron [c] •Area 88JP,Capcom
Uchū no Kishi: Tekkaman Blade,A.I. Company Ltd.
Uchuu Race: Astro Go! Go!,KAZe
UFO Kamen Yakisoban: Kettler no Kuroi Inbō,KID
Ugoku E Ver. 2.0: Aryol,
Ultima: Kyouryuu Teikoku,Origin Systems
Ultima: Runes of Virtue II •Ultima Gaiden: Kuro Kishi no InbouJP,Origin Systems
Ultima VI: The False Prophet,"Infinity Co., Ltd"
Ultima VII: The Black Gate,Origin Systems
Ultimate Fighter •Hiryuu no Ken S: Golden FighterJP,Culture Brain
Ultimate Mortal Kombat 3,Avalanche Software
Ultra Baseball Jitsumeiban,Culture Brain
Ultra Baseball Jitsumeiban 2,Culture Brain
Ultra Baseball Jitsumeiban 3,Culture Brain
Ultra League: Moero! Soccer Daikessen!!,Tom Create
Ultra Seven,BEC
Ultraman: Towards the Future •Ultraman JP,BEC
Umi no Nushi Tsuri,
Umizuri Meijin: Suzuki Hen,A-Wave
Umihara Kawase,
Uncharted Waters •Daikoukai JidaiJP,Koei
Uncharted Waters: New Horizons •Super Daikoukai JidaiJP,Koei
Undercover Cops,
Uniracers •UnirallyEU,DMA Design
The Untouchables,Ocean Software
Urban Strike,Granite Bay Software
Ushio to Tora,
Utopia: The Creation of a Nation [c],Jaleco
Vegas Stakes •Las Vegas DreamJP,HAL Laboratory
Venom/Spider-Man: Separation Anxiety,Software Creations
Verne World,Dual
Virtual Bart,Sculptured Software
Virtual Soccer •J.League Super SoccerJP,Probe Entertainment
Vortex,Argonaut Software
VS. Collection,Bottom Up
Wagyan Paradise [b],Namco
Waka Taka Ōzumō: Brothers Dream Match,Tomcat System
Waku Waku Ski Wonder Spur,Human Club
Wally wo Sagase!,Natsu System
War 2410,Advanced Productions
War 3010: The Revolution,Advanced Productions
Waratte Iitomo! Tamorinpic,Athena
Wario's Woods,Nintendo
Warlock,Realtime Associates
WarpSpeed,Accolade
Waterworld,Ocean Software
Wayne Gretzky and the NHLPA All-Stars,Time Warner Interactive
Wayne's World,Gray Matter
WCW SuperBrawl Wrestling,Beam Software
Weaponlord,Visual Concepts
Wedding Peach,Shimada Kikaku
We're Back! A Dinosaur's Story,Visual Concepts
Wheel of Fortune: Featuring Vanna White,Imagitec Design
Wheel of Fortune Deluxe!,Imagitec Design
Where in the World Is Carmen Sandiego?,EA Canada
Where in Time Is Carmen Sandiego?,EA Canada
Whirlo •Xandra no Daibouken: Valkyrie to no DeaiJP [b],Nova Games
Whizz,Flair Software
Wild Guns [a],"Natsume Co., Ltd."
WildSnake •Super SnakeyJP,Manley & Associates
Williams Arcade's Greatest Hits,Digital Eclipse Software
Wing Commander,Origin Systems
Wing Commander: The Secret Missions,Origin Systems
Wings 2: Aces High •Blazing SkiesEU •Sky MissionJP,Malibu Interactive
Winning Post,Koei
Winning Post 2,Koei
Winning Post 2: Program '96 [b],Koei
Winter Gold,Funcom
Winter Olympic Games: Lillehammer '94,U.S. Gold
Wizap!: Ankoku no Ou,Pop HouseSAS Sakata
The Wizard of Oz,Manley & Associates
Wizardry Gaiden IV: Throb of the Demon's Heart,Access
Wizardry I-II-III: Story of Llylgamyn [d],Gung-Ho!
Wizardry V: Heart of the Maelstrom •Wizardry V: Saika no ChuushinJP [a],ASCII Entertainment
Wizardry VI: Bane of the Cosmic Forge,Game Studio
Wolfchild,Core Design
Wolfenstein 3D,Imagineer
Wolverine: Adamantium Rage,Bits Studios
Wonder Project J,Almanic
Wondrous Magic,System Sacom
Wordtris,Bullet-Proof Software
World Class Rugby,Audiogenic
World Class Rugby 2: Kokunai Gekitou Hen '93,Denton Designs
World Cup Striker •Elite SoccerNA,Rage SoftwareElite Systems
World Cup USA '94,U.S. Gold
World Heroes,Sunsoft
World Heroes 2,"Saurus Co., Ltd"
World League Soccer •Pro SoccerJP,Anco
World Masters Golf,Arc Developments
Worms,Team17
Wrecking Crew '98 [b],Nintendo R&D1Pax Softonica
WWF RAW,Sculptured Software
WWF Royal Rumble,Sculptured Software
WWF Super WrestleMania,Sculptured Software
WWF WrestleMania: The Arcade Game,Sculptured Software
Xak: The Art of Visual Stage,Micro Cabin
Xardion •Choukou Gasshin SādionJP,Asmik Ace Entertainment
X-Kaliber 2097 •Sword ManiacJP,FupacWinds
X-Men: Mutant Apocalypse,Capcom
X-Terminator 2 Sauke,GameTech
X-Zone,Kemco
Yadamon: Wonderland Dream,Sting Entertainment
Yakouchuu,Athena
Yamato Takeru,Multimedia Intelligence Transfer
YamYam,Pandora Box
Yokoyama Mitsuteru: Sangokushi,Tose
Yokoyama Mitsuteru: Sangokushi 2,Tose
Yokoyama Mitsuteru: Sangokushi Bangi: Sugoroku Eiyuuki,Tose
Yokozuna Monogatari,
Yoshi's Cookie •Yoshi no CookieJP,Bullet-Proof Software
Yoshi's Safari •Yoshi's Road HuntingJP,Nintendo R&D1
Youchien Senki Madara,Nexus Interact
Young Merlin,Westwood Studios
Ys III: Wanderers from Ys,Tonkin House
Ys IV: Mask of the Sun,Tonkin House
"Ys V: Kefin, The Lost City of Sand",Nihon Falcom
Ys V Expert,Nihon Falcom
Yuu Yuu Hakusho,Namco
Yuu Yuu Hakusho 2: Kakutou no Shou,Namco
Yuu Yuu Hakusho Final: Makai Saikyou Retsuden,Namco
Yuu Yuu Hakusho: Tokubetsu Hen,Namco
Yume Maboroshi no Gotoku,Tose
Yume Meikyuu: Kigurumi Daibouken,Axes Art Amuse
Yuujin: Janjuu Gakuen,Varie
Yuujin: Janjuu Gakuen 2,Varie
Yuujin no Furi Furi Girls,U-Jin
Yuuyu no Quiz de GO! GO!,Taito
Zakuro no Aji,Imagineer
Zan II: Spirits,Wolf Team
Zan III Spirits,Wolf Team
Zenkoku Juudan: Ultra Shinri Game,Ukiyotei
Zenkoku Koukou Soccer,Affect
Zenkoku Koukou Soccer 2,Nihon Syscom
Zenkoku Koukou Soccer Senshuken '96,Magical Company
Zen-Nippon Pro Wrestling,"Natsume Co., Ltd."
Zen-Nippon Pro Wrestling: Fight da Pon!,"Natsume Co., Ltd."
Zen-Nippon Pro Wrestling 2: 3–4 Budōkan,"Natsume Co., Ltd."
Zero the Kamikaze Squirrel,Iguana Entertainment
Zero4 Champ RR,Media Rings
Zero4 Champ RR-Z,Media Rings
Zico Soccer,Electronic Arts Victor
Zig Zag Cat: Ostrich Club mo Oosawagi da,Opera House
Zoku: The Legend of Bishin,Magifact
Zombies Ate My Neighbors •ZombiesEU,LucasArts
Zoo-tto Mahjong! [d],Nintendo
"Zool: Ninja of the ""Nth"" Dimension •Zool no Yume BoukenJP",Gremlin Interactive
Zoop,Hookstone
